-- Deterministic data script

INSERT INTO [dbo].[BusinessHub] ([Id], [Description], [Name]) VALUES (N'CostCenter', NULL, N'CostCenter');
INSERT INTO [dbo].[BusinessHub] ([Id], [Description], [Name]) VALUES (N'CrmCustomer', NULL, N'CrmCustomer');
INSERT INTO [dbo].[BusinessHub] ([Id], [Description], [Name]) VALUES (N'Customer', NULL, N'Customer');
INSERT INTO [dbo].[BusinessHub] ([Id], [Description], [Name]) VALUES (N'Department', NULL, N'Department');
INSERT INTO [dbo].[BusinessHub] ([Id], [Description], [Name]) VALUES (N'Employee', NULL, N'Employee');
INSERT INTO [dbo].[BusinessHub] ([Id], [Description], [Name]) VALUES (N'Invoice', NULL, N'Invoice');
INSERT INTO [dbo].[BusinessHub] ([Id], [Description], [Name]) VALUES (N'Order', NULL, N'Order');
INSERT INTO [dbo].[BusinessHub] ([Id], [Description], [Name]) VALUES (N'Product', NULL, N'Product');
INSERT INTO [dbo].[BusinessHub] ([Id], [Description], [Name]) VALUES (N'Shipment', NULL, N'Shipment');
INSERT INTO [dbo].[BusinessHub] ([Id], [Description], [Name]) VALUES (N'Supplier', NULL, N'Supplier');
INSERT INTO [dbo].[BusinessBridge] ([Id], [Description], [Name], [AnchorHubId]) VALUES (N'CustomerFulfillmentTraversal', NULL, N'CustomerFulfillmentTraversal', N'Customer');
INSERT INTO [dbo].[BusinessBridgeHub] ([Id], [Ordinal], [RoleName], [BusinessBridgeId], [BusinessHubId]) VALUES (N'CustomerFulfillmentTraversalOrder', N'2', N'Order', N'CustomerFulfillmentTraversal', N'Order');
INSERT INTO [dbo].[BusinessBridgeHub] ([Id], [Ordinal], [RoleName], [BusinessBridgeId], [BusinessHubId]) VALUES (N'CustomerFulfillmentTraversalShipment', N'3', N'Shipment', N'CustomerFulfillmentTraversal', N'Shipment');
INSERT INTO [dbo].[BusinessHubKeyPart] ([Id], [DataTypeId], [Name], [Ordinal], [BusinessHubId]) VALUES (N'CostCenterIdentifier', N'meta:type:String', N'CostCenterIdentifier', N'1', N'CostCenter');
INSERT INTO [dbo].[BusinessHubKeyPart] ([Id], [DataTypeId], [Name], [Ordinal], [BusinessHubId]) VALUES (N'CrmCustomerIdentifier', N'meta:type:String', N'CrmCustomerIdentifier', N'1', N'CrmCustomer');
INSERT INTO [dbo].[BusinessHubKeyPart] ([Id], [DataTypeId], [Name], [Ordinal], [BusinessHubId]) VALUES (N'CustomerIdentifier', N'meta:type:String', N'CustomerIdentifier', N'1', N'Customer');
INSERT INTO [dbo].[BusinessHubKeyPart] ([Id], [DataTypeId], [Name], [Ordinal], [BusinessHubId]) VALUES (N'DepartmentIdentifier', N'meta:type:String', N'DepartmentIdentifier', N'1', N'Department');
INSERT INTO [dbo].[BusinessHubKeyPart] ([Id], [DataTypeId], [Name], [Ordinal], [BusinessHubId]) VALUES (N'EmployeeIdentifier', N'meta:type:String', N'EmployeeIdentifier', N'1', N'Employee');
INSERT INTO [dbo].[BusinessHubKeyPart] ([Id], [DataTypeId], [Name], [Ordinal], [BusinessHubId]) VALUES (N'InvoiceIdentifier', N'meta:type:String', N'InvoiceIdentifier', N'1', N'Invoice');
INSERT INTO [dbo].[BusinessHubKeyPart] ([Id], [DataTypeId], [Name], [Ordinal], [BusinessHubId]) VALUES (N'OrderIdentifier', N'meta:type:String', N'OrderIdentifier', N'1', N'Order');
INSERT INTO [dbo].[BusinessHubKeyPart] ([Id], [DataTypeId], [Name], [Ordinal], [BusinessHubId]) VALUES (N'ProductIdentifier', N'meta:type:String', N'ProductIdentifier', N'1', N'Product');
INSERT INTO [dbo].[BusinessHubKeyPart] ([Id], [DataTypeId], [Name], [Ordinal], [BusinessHubId]) VALUES (N'ShipmentIdentifier', N'meta:type:String', N'ShipmentIdentifier', N'1', N'Shipment');
INSERT INTO [dbo].[BusinessHubKeyPart] ([Id], [DataTypeId], [Name], [Ordinal], [BusinessHubId]) VALUES (N'SupplierIdentifier', N'meta:type:String', N'SupplierIdentifier', N'1', N'Supplier');
INSERT INTO [dbo].[BusinessBridgeHubKeyPartProjection] ([Id], [Name], [Ordinal], [BusinessBridgeId], [BusinessHubKeyPartId]) VALUES (N'CustomerFulfillmentCustomerIdentifier', N'CustomerIdentifier', N'1', N'CustomerFulfillmentTraversal', N'CustomerIdentifier');
INSERT INTO [dbo].[BusinessBridgeHubKeyPartProjection] ([Id], [Name], [Ordinal], [BusinessBridgeId], [BusinessHubKeyPartId]) VALUES (N'CustomerFulfillmentOrderIdentifier', N'OrderIdentifier', N'2', N'CustomerFulfillmentTraversal', N'OrderIdentifier');
INSERT INTO [dbo].[BusinessBridgeHubKeyPartProjection] ([Id], [Name], [Ordinal], [BusinessBridgeId], [BusinessHubKeyPartId]) VALUES (N'CustomerFulfillmentShipmentIdentifier', N'ShipmentIdentifier', N'3', N'CustomerFulfillmentTraversal', N'ShipmentIdentifier');
INSERT INTO [dbo].[BusinessHubSatellite] ([Id], [Description], [Name], [SatelliteKind], [BusinessHubId]) VALUES (N'CostCenterProfile', NULL, N'CostCenterProfile', N'standard', N'CostCenter');
INSERT INTO [dbo].[BusinessHubSatellite] ([Id], [Description], [Name], [SatelliteKind], [BusinessHubId]) VALUES (N'CustomerProfile', NULL, N'CustomerProfile', N'standard', N'Customer');
INSERT INTO [dbo].[BusinessHubSatellite] ([Id], [Description], [Name], [SatelliteKind], [BusinessHubId]) VALUES (N'DepartmentProfile', NULL, N'DepartmentProfile', N'standard', N'Department');
INSERT INTO [dbo].[BusinessHubSatellite] ([Id], [Description], [Name], [SatelliteKind], [BusinessHubId]) VALUES (N'EmployeeProfile', NULL, N'EmployeeProfile', N'standard', N'Employee');
INSERT INTO [dbo].[BusinessHubSatellite] ([Id], [Description], [Name], [SatelliteKind], [BusinessHubId]) VALUES (N'InvoiceHeader', NULL, N'InvoiceHeader', N'standard', N'Invoice');
INSERT INTO [dbo].[BusinessHubSatellite] ([Id], [Description], [Name], [SatelliteKind], [BusinessHubId]) VALUES (N'OrderHeader', NULL, N'OrderHeader', N'standard', N'Order');
INSERT INTO [dbo].[BusinessHubSatellite] ([Id], [Description], [Name], [SatelliteKind], [BusinessHubId]) VALUES (N'ProductProfile', NULL, N'ProductProfile', N'standard', N'Product');
INSERT INTO [dbo].[BusinessHubSatellite] ([Id], [Description], [Name], [SatelliteKind], [BusinessHubId]) VALUES (N'ShipmentHeader', NULL, N'ShipmentHeader', N'standard', N'Shipment');
INSERT INTO [dbo].[BusinessHubSatellite] ([Id], [Description], [Name], [SatelliteKind], [BusinessHubId]) VALUES (N'SupplierProfile', NULL, N'SupplierProfile', N'standard', N'Supplier');
INSERT INTO [dbo].[BusinessHubSatelliteAttribute] ([Id], [DataTypeId], [Name], [Ordinal], [BusinessHubSatelliteId]) VALUES (N'CarrierName', N'meta:type:String', N'CarrierName', N'2', N'ShipmentHeader');
INSERT INTO [dbo].[BusinessHubSatelliteAttribute] ([Id], [DataTypeId], [Name], [Ordinal], [BusinessHubSatelliteId]) VALUES (N'CostCenterName', N'meta:type:String', N'CostCenterName', N'1', N'CostCenterProfile');
INSERT INTO [dbo].[BusinessHubSatelliteAttribute] ([Id], [DataTypeId], [Name], [Ordinal], [BusinessHubSatelliteId]) VALUES (N'CustomerName', N'meta:type:String', N'CustomerName', N'1', N'CustomerProfile');
INSERT INTO [dbo].[BusinessHubSatelliteAttribute] ([Id], [DataTypeId], [Name], [Ordinal], [BusinessHubSatelliteId]) VALUES (N'CustomerTier', N'meta:type:String', N'CustomerTier', N'2', N'CustomerProfile');
INSERT INTO [dbo].[BusinessHubSatelliteAttribute] ([Id], [DataTypeId], [Name], [Ordinal], [BusinessHubSatelliteId]) VALUES (N'DepartmentName', N'meta:type:String', N'DepartmentName', N'1', N'DepartmentProfile');
INSERT INTO [dbo].[BusinessHubSatelliteAttribute] ([Id], [DataTypeId], [Name], [Ordinal], [BusinessHubSatelliteId]) VALUES (N'EmployeeName', N'meta:type:String', N'EmployeeName', N'1', N'EmployeeProfile');
INSERT INTO [dbo].[BusinessHubSatelliteAttribute] ([Id], [DataTypeId], [Name], [Ordinal], [BusinessHubSatelliteId]) VALUES (N'InvoiceAmount', N'meta:type:Decimal', N'InvoiceAmount', N'2', N'InvoiceHeader');
INSERT INTO [dbo].[BusinessHubSatelliteAttribute] ([Id], [DataTypeId], [Name], [Ordinal], [BusinessHubSatelliteId]) VALUES (N'InvoiceDate', N'meta:type:DateTime', N'InvoiceDate', N'1', N'InvoiceHeader');
INSERT INTO [dbo].[BusinessHubSatelliteAttribute] ([Id], [DataTypeId], [Name], [Ordinal], [BusinessHubSatelliteId]) VALUES (N'OrderAmount', N'meta:type:Decimal', N'OrderAmount', N'2', N'OrderHeader');
INSERT INTO [dbo].[BusinessHubSatelliteAttribute] ([Id], [DataTypeId], [Name], [Ordinal], [BusinessHubSatelliteId]) VALUES (N'OrderDate', N'meta:type:DateTime', N'OrderDate', N'1', N'OrderHeader');
INSERT INTO [dbo].[BusinessHubSatelliteAttribute] ([Id], [DataTypeId], [Name], [Ordinal], [BusinessHubSatelliteId]) VALUES (N'ProductCategory', N'meta:type:String', N'ProductCategory', N'2', N'ProductProfile');
INSERT INTO [dbo].[BusinessHubSatelliteAttribute] ([Id], [DataTypeId], [Name], [Ordinal], [BusinessHubSatelliteId]) VALUES (N'ProductName', N'meta:type:String', N'ProductName', N'1', N'ProductProfile');
INSERT INTO [dbo].[BusinessHubSatelliteAttribute] ([Id], [DataTypeId], [Name], [Ordinal], [BusinessHubSatelliteId]) VALUES (N'ShipmentDate', N'meta:type:DateTime', N'ShipmentDate', N'1', N'ShipmentHeader');
INSERT INTO [dbo].[BusinessHubSatelliteAttribute] ([Id], [DataTypeId], [Name], [Ordinal], [BusinessHubSatelliteId]) VALUES (N'SupplierName', N'meta:type:String', N'SupplierName', N'1', N'SupplierProfile');
INSERT INTO [dbo].[BusinessBridgeHubSatelliteAttributeProjection] ([Id], [Name], [Ordinal], [BusinessBridgeId], [BusinessHubSatelliteAttributeId]) VALUES (N'CustomerFulfillmentCustomerName', N'CustomerName', N'4', N'CustomerFulfillmentTraversal', N'CustomerName');
INSERT INTO [dbo].[BusinessLink] ([Id], [Description], [Name]) VALUES (N'CustomerOrder', NULL, N'CustomerOrder');
INSERT INTO [dbo].[BusinessLink] ([Id], [Description], [Name]) VALUES (N'DepartmentCostCenter', NULL, N'DepartmentCostCenter');
INSERT INTO [dbo].[BusinessLink] ([Id], [Description], [Name]) VALUES (N'EmployeeDepartment', NULL, N'EmployeeDepartment');
INSERT INTO [dbo].[BusinessLink] ([Id], [Description], [Name]) VALUES (N'OrderInvoice', NULL, N'OrderInvoice');
INSERT INTO [dbo].[BusinessLink] ([Id], [Description], [Name]) VALUES (N'OrderProduct', NULL, N'OrderProduct');
INSERT INTO [dbo].[BusinessLink] ([Id], [Description], [Name]) VALUES (N'ShipmentOrder', NULL, N'ShipmentOrder');
INSERT INTO [dbo].[BusinessLink] ([Id], [Description], [Name]) VALUES (N'SupplierProduct', NULL, N'SupplierProduct');
INSERT INTO [dbo].[BusinessBridgeLink] ([Id], [Ordinal], [RoleName], [BusinessBridgeId], [BusinessLinkId]) VALUES (N'CustomerFulfillmentTraversalCustomerOrder', N'1', N'CustomerOrder', N'CustomerFulfillmentTraversal', N'CustomerOrder');
INSERT INTO [dbo].[BusinessBridgeLink] ([Id], [Ordinal], [RoleName], [BusinessBridgeId], [BusinessLinkId]) VALUES (N'CustomerFulfillmentTraversalShipmentOrder', N'2', N'ShipmentOrder', N'CustomerFulfillmentTraversal', N'ShipmentOrder');
INSERT INTO [dbo].[BusinessLinkSatellite] ([Id], [Description], [Name], [SatelliteKind], [BusinessLinkId]) VALUES (N'CustomerOrderStatus', NULL, N'CustomerOrderStatus', N'standard', N'CustomerOrder');
INSERT INTO [dbo].[BusinessLinkSatellite] ([Id], [Description], [Name], [SatelliteKind], [BusinessLinkId]) VALUES (N'DepartmentCostCenterAssignment', NULL, N'DepartmentCostCenterAssignment', N'standard', N'DepartmentCostCenter');
INSERT INTO [dbo].[BusinessLinkSatellite] ([Id], [Description], [Name], [SatelliteKind], [BusinessLinkId]) VALUES (N'EmployeeDepartmentAssignment', NULL, N'EmployeeDepartmentAssignment', N'standard', N'EmployeeDepartment');
INSERT INTO [dbo].[BusinessLinkSatellite] ([Id], [Description], [Name], [SatelliteKind], [BusinessLinkId]) VALUES (N'OrderProductLine', NULL, N'OrderProductLine', N'standard', N'OrderProduct');
INSERT INTO [dbo].[BusinessLinkSatellite] ([Id], [Description], [Name], [SatelliteKind], [BusinessLinkId]) VALUES (N'SupplierProductTerms', NULL, N'SupplierProductTerms', N'standard', N'SupplierProduct');
INSERT INTO [dbo].[BusinessLinkSatelliteAttribute] ([Id], [DataTypeId], [Name], [Ordinal], [BusinessLinkSatelliteId]) VALUES (N'CustomerOrderCurrencyCode', N'meta:type:String', N'CurrencyCode', N'2', N'CustomerOrderStatus');
INSERT INTO [dbo].[BusinessLinkSatelliteAttribute] ([Id], [DataTypeId], [Name], [Ordinal], [BusinessLinkSatelliteId]) VALUES (N'CustomerOrderStatusCode', N'meta:type:String', N'OrderStatusCode', N'1', N'CustomerOrderStatus');
INSERT INTO [dbo].[BusinessLinkSatelliteAttribute] ([Id], [DataTypeId], [Name], [Ordinal], [BusinessLinkSatelliteId]) VALUES (N'DepartmentCostCenterShare', N'meta:type:Decimal', N'AllocationShare', N'1', N'DepartmentCostCenterAssignment');
INSERT INTO [dbo].[BusinessLinkSatelliteAttribute] ([Id], [DataTypeId], [Name], [Ordinal], [BusinessLinkSatelliteId]) VALUES (N'EmployeeDepartmentStartDate', N'meta:type:DateTime', N'StartDate', N'1', N'EmployeeDepartmentAssignment');
INSERT INTO [dbo].[BusinessLinkSatelliteAttribute] ([Id], [DataTypeId], [Name], [Ordinal], [BusinessLinkSatelliteId]) VALUES (N'OrderProductQuantity', N'meta:type:Int32', N'Quantity', N'1', N'OrderProductLine');
INSERT INTO [dbo].[BusinessLinkSatelliteAttribute] ([Id], [DataTypeId], [Name], [Ordinal], [BusinessLinkSatelliteId]) VALUES (N'OrderProductUnitPrice', N'meta:type:Decimal', N'UnitPrice', N'2', N'OrderProductLine');
INSERT INTO [dbo].[BusinessLinkSatelliteAttribute] ([Id], [DataTypeId], [Name], [Ordinal], [BusinessLinkSatelliteId]) VALUES (N'SupplierProductLeadTimeDays', N'meta:type:Int32', N'LeadTimeDays', N'1', N'SupplierProductTerms');
INSERT INTO [dbo].[BusinessBridgeLinkSatelliteAttributeProjection] ([Id], [Name], [Ordinal], [BusinessBridgeId], [BusinessLinkSatelliteAttributeId]) VALUES (N'CustomerFulfillmentOrderStatusCode', N'OrderStatusCode', N'5', N'CustomerFulfillmentTraversal', N'CustomerOrderStatusCode');
INSERT INTO [dbo].[BusinessHierarchicalLink] ([Id], [Description], [Name], [ChildHubId], [ParentHubId]) VALUES (N'DepartmentHierarchy', NULL, N'DepartmentHierarchy', N'Department', N'Department');
INSERT INTO [dbo].[BusinessHierarchicalLinkSatellite] ([Id], [Description], [Name], [SatelliteKind], [BusinessHierarchicalLinkId]) VALUES (N'DepartmentHierarchyInfo', NULL, N'DepartmentHierarchyInfo', N'standard', N'DepartmentHierarchy');
INSERT INTO [dbo].[BusinessHierarchicalLinkSatelliteAttribute] ([Id], [DataTypeId], [Name], [Ordinal], [BusinessHierarchicalLinkSatelliteId]) VALUES (N'DepartmentHierarchyLevel', N'meta:type:Int32', N'HierarchyLevel', N'1', N'DepartmentHierarchyInfo');
INSERT INTO [dbo].[BusinessHubKeyPartDataTypeDetail] ([Id], [Name], [Value], [BusinessHubKeyPartId]) VALUES (N'CostCenterIdentifierLength', N'Length', N'20', N'CostCenterIdentifier');
INSERT INTO [dbo].[BusinessHubKeyPartDataTypeDetail] ([Id], [Name], [Value], [BusinessHubKeyPartId]) VALUES (N'CrmCustomerIdentifierLength', N'Length', N'50', N'CrmCustomerIdentifier');
INSERT INTO [dbo].[BusinessHubKeyPartDataTypeDetail] ([Id], [Name], [Value], [BusinessHubKeyPartId]) VALUES (N'CustomerIdentifierLength', N'Length', N'50', N'CustomerIdentifier');
INSERT INTO [dbo].[BusinessHubKeyPartDataTypeDetail] ([Id], [Name], [Value], [BusinessHubKeyPartId]) VALUES (N'DepartmentIdentifierLength', N'Length', N'30', N'DepartmentIdentifier');
INSERT INTO [dbo].[BusinessHubKeyPartDataTypeDetail] ([Id], [Name], [Value], [BusinessHubKeyPartId]) VALUES (N'EmployeeIdentifierLength', N'Length', N'30', N'EmployeeIdentifier');
INSERT INTO [dbo].[BusinessHubKeyPartDataTypeDetail] ([Id], [Name], [Value], [BusinessHubKeyPartId]) VALUES (N'InvoiceIdentifierLength', N'Length', N'40', N'InvoiceIdentifier');
INSERT INTO [dbo].[BusinessHubKeyPartDataTypeDetail] ([Id], [Name], [Value], [BusinessHubKeyPartId]) VALUES (N'OrderIdentifierLength', N'Length', N'40', N'OrderIdentifier');
INSERT INTO [dbo].[BusinessHubKeyPartDataTypeDetail] ([Id], [Name], [Value], [BusinessHubKeyPartId]) VALUES (N'ProductIdentifierLength', N'Length', N'40', N'ProductIdentifier');
INSERT INTO [dbo].[BusinessHubKeyPartDataTypeDetail] ([Id], [Name], [Value], [BusinessHubKeyPartId]) VALUES (N'ShipmentIdentifierLength', N'Length', N'40', N'ShipmentIdentifier');
INSERT INTO [dbo].[BusinessHubKeyPartDataTypeDetail] ([Id], [Name], [Value], [BusinessHubKeyPartId]) VALUES (N'SupplierIdentifierLength', N'Length', N'40', N'SupplierIdentifier');
INSERT INTO [dbo].[BusinessHubSatelliteAttributeDataTypeDetail] ([Id], [Name], [Value], [BusinessHubSatelliteAttributeId]) VALUES (N'CarrierNameLength', N'Length', N'100', N'CarrierName');
INSERT INTO [dbo].[BusinessHubSatelliteAttributeDataTypeDetail] ([Id], [Name], [Value], [BusinessHubSatelliteAttributeId]) VALUES (N'CostCenterNameLength', N'Length', N'150', N'CostCenterName');
INSERT INTO [dbo].[BusinessHubSatelliteAttributeDataTypeDetail] ([Id], [Name], [Value], [BusinessHubSatelliteAttributeId]) VALUES (N'CustomerNameLength', N'Length', N'200', N'CustomerName');
INSERT INTO [dbo].[BusinessHubSatelliteAttributeDataTypeDetail] ([Id], [Name], [Value], [BusinessHubSatelliteAttributeId]) VALUES (N'CustomerTierLength', N'Length', N'30', N'CustomerTier');
INSERT INTO [dbo].[BusinessHubSatelliteAttributeDataTypeDetail] ([Id], [Name], [Value], [BusinessHubSatelliteAttributeId]) VALUES (N'DepartmentNameLength', N'Length', N'150', N'DepartmentName');
INSERT INTO [dbo].[BusinessHubSatelliteAttributeDataTypeDetail] ([Id], [Name], [Value], [BusinessHubSatelliteAttributeId]) VALUES (N'EmployeeNameLength', N'Length', N'150', N'EmployeeName');
INSERT INTO [dbo].[BusinessHubSatelliteAttributeDataTypeDetail] ([Id], [Name], [Value], [BusinessHubSatelliteAttributeId]) VALUES (N'InvoiceAmountPrecision', N'Precision', N'18', N'InvoiceAmount');
INSERT INTO [dbo].[BusinessHubSatelliteAttributeDataTypeDetail] ([Id], [Name], [Value], [BusinessHubSatelliteAttributeId]) VALUES (N'InvoiceAmountScale', N'Scale', N'2', N'InvoiceAmount');
INSERT INTO [dbo].[BusinessHubSatelliteAttributeDataTypeDetail] ([Id], [Name], [Value], [BusinessHubSatelliteAttributeId]) VALUES (N'OrderAmountPrecision', N'Precision', N'18', N'OrderAmount');
INSERT INTO [dbo].[BusinessHubSatelliteAttributeDataTypeDetail] ([Id], [Name], [Value], [BusinessHubSatelliteAttributeId]) VALUES (N'OrderAmountScale', N'Scale', N'2', N'OrderAmount');
INSERT INTO [dbo].[BusinessHubSatelliteAttributeDataTypeDetail] ([Id], [Name], [Value], [BusinessHubSatelliteAttributeId]) VALUES (N'ProductCategoryLength', N'Length', N'50', N'ProductCategory');
INSERT INTO [dbo].[BusinessHubSatelliteAttributeDataTypeDetail] ([Id], [Name], [Value], [BusinessHubSatelliteAttributeId]) VALUES (N'ProductNameLength', N'Length', N'200', N'ProductName');
INSERT INTO [dbo].[BusinessHubSatelliteAttributeDataTypeDetail] ([Id], [Name], [Value], [BusinessHubSatelliteAttributeId]) VALUES (N'SupplierNameLength', N'Length', N'200', N'SupplierName');
INSERT INTO [dbo].[BusinessLinkHub] ([Id], [Ordinal], [RoleName], [BusinessHubId], [BusinessLinkId]) VALUES (N'CustomerOrderCustomer', N'1', N'Customer', N'Customer', N'CustomerOrder');
INSERT INTO [dbo].[BusinessLinkHub] ([Id], [Ordinal], [RoleName], [BusinessHubId], [BusinessLinkId]) VALUES (N'CustomerOrderOrder', N'2', N'Order', N'Order', N'CustomerOrder');
INSERT INTO [dbo].[BusinessLinkHub] ([Id], [Ordinal], [RoleName], [BusinessHubId], [BusinessLinkId]) VALUES (N'DepartmentCostCenterCostCenter', N'2', N'CostCenter', N'CostCenter', N'DepartmentCostCenter');
INSERT INTO [dbo].[BusinessLinkHub] ([Id], [Ordinal], [RoleName], [BusinessHubId], [BusinessLinkId]) VALUES (N'DepartmentCostCenterDepartment', N'1', N'Department', N'Department', N'DepartmentCostCenter');
INSERT INTO [dbo].[BusinessLinkHub] ([Id], [Ordinal], [RoleName], [BusinessHubId], [BusinessLinkId]) VALUES (N'EmployeeDepartmentDepartment', N'2', N'Department', N'Department', N'EmployeeDepartment');
INSERT INTO [dbo].[BusinessLinkHub] ([Id], [Ordinal], [RoleName], [BusinessHubId], [BusinessLinkId]) VALUES (N'EmployeeDepartmentEmployee', N'1', N'Employee', N'Employee', N'EmployeeDepartment');
INSERT INTO [dbo].[BusinessLinkHub] ([Id], [Ordinal], [RoleName], [BusinessHubId], [BusinessLinkId]) VALUES (N'OrderInvoiceInvoice', N'2', N'Invoice', N'Invoice', N'OrderInvoice');
INSERT INTO [dbo].[BusinessLinkHub] ([Id], [Ordinal], [RoleName], [BusinessHubId], [BusinessLinkId]) VALUES (N'OrderInvoiceOrder', N'1', N'Order', N'Order', N'OrderInvoice');
INSERT INTO [dbo].[BusinessLinkHub] ([Id], [Ordinal], [RoleName], [BusinessHubId], [BusinessLinkId]) VALUES (N'OrderProductOrder', N'1', N'Order', N'Order', N'OrderProduct');
INSERT INTO [dbo].[BusinessLinkHub] ([Id], [Ordinal], [RoleName], [BusinessHubId], [BusinessLinkId]) VALUES (N'OrderProductProduct', N'2', N'Product', N'Product', N'OrderProduct');
INSERT INTO [dbo].[BusinessLinkHub] ([Id], [Ordinal], [RoleName], [BusinessHubId], [BusinessLinkId]) VALUES (N'ShipmentOrderOrder', N'2', N'Order', N'Order', N'ShipmentOrder');
INSERT INTO [dbo].[BusinessLinkHub] ([Id], [Ordinal], [RoleName], [BusinessHubId], [BusinessLinkId]) VALUES (N'ShipmentOrderShipment', N'1', N'Shipment', N'Shipment', N'ShipmentOrder');
INSERT INTO [dbo].[BusinessLinkHub] ([Id], [Ordinal], [RoleName], [BusinessHubId], [BusinessLinkId]) VALUES (N'SupplierProductProduct', N'2', N'Product', N'Product', N'SupplierProduct');
INSERT INTO [dbo].[BusinessLinkHub] ([Id], [Ordinal], [RoleName], [BusinessHubId], [BusinessLinkId]) VALUES (N'SupplierProductSupplier', N'1', N'Supplier', N'Supplier', N'SupplierProduct');
INSERT INTO [dbo].[BusinessLinkSatelliteAttributeDataTypeDetail] ([Id], [Name], [Value], [BusinessLinkSatelliteAttributeId]) VALUES (N'CustomerOrderCurrencyCodeLength', N'Length', N'3', N'CustomerOrderCurrencyCode');
INSERT INTO [dbo].[BusinessLinkSatelliteAttributeDataTypeDetail] ([Id], [Name], [Value], [BusinessLinkSatelliteAttributeId]) VALUES (N'CustomerOrderStatusCodeLength', N'Length', N'20', N'CustomerOrderStatusCode');
INSERT INTO [dbo].[BusinessLinkSatelliteAttributeDataTypeDetail] ([Id], [Name], [Value], [BusinessLinkSatelliteAttributeId]) VALUES (N'DepartmentCostCenterSharePrecision', N'Precision', N'9', N'DepartmentCostCenterShare');
INSERT INTO [dbo].[BusinessLinkSatelliteAttributeDataTypeDetail] ([Id], [Name], [Value], [BusinessLinkSatelliteAttributeId]) VALUES (N'DepartmentCostCenterShareScale', N'Scale', N'4', N'DepartmentCostCenterShare');
INSERT INTO [dbo].[BusinessLinkSatelliteAttributeDataTypeDetail] ([Id], [Name], [Value], [BusinessLinkSatelliteAttributeId]) VALUES (N'OrderProductUnitPricePrecision', N'Precision', N'18', N'OrderProductUnitPrice');
INSERT INTO [dbo].[BusinessLinkSatelliteAttributeDataTypeDetail] ([Id], [Name], [Value], [BusinessLinkSatelliteAttributeId]) VALUES (N'OrderProductUnitPriceScale', N'Scale', N'2', N'OrderProductUnitPrice');
INSERT INTO [dbo].[BusinessPointInTime] ([Id], [Description], [Name], [BusinessHubId]) VALUES (N'CustomerSnapshot', NULL, N'CustomerSnapshot', N'Customer');
INSERT INTO [dbo].[BusinessPointInTimeHubSatellite] ([Id], [Ordinal], [BusinessHubSatelliteId], [BusinessPointInTimeId]) VALUES (N'CustomerSnapshotProfile', N'1', N'CustomerProfile', N'CustomerSnapshot');
INSERT INTO [dbo].[BusinessPointInTimeLinkSatellite] ([Id], [Ordinal], [BusinessLinkSatelliteId], [BusinessPointInTimeId]) VALUES (N'CustomerSnapshotOrderStatus', N'2', N'CustomerOrderStatus', N'CustomerSnapshot');
INSERT INTO [dbo].[BusinessPointInTimeStamp] ([Id], [DataTypeId], [Name], [Ordinal], [BusinessPointInTimeId]) VALUES (N'CustomerSnapshotBusinessDate', N'meta:type:DateTime', N'BusinessDate', N'1', N'CustomerSnapshot');
INSERT INTO [dbo].[BusinessReference] ([Id], [Description], [Name]) VALUES (N'CurrencyCode', NULL, N'CurrencyCode');
INSERT INTO [dbo].[BusinessReference] ([Id], [Description], [Name]) VALUES (N'OrderStatus', NULL, N'OrderStatus');
INSERT INTO [dbo].[BusinessReferenceKeyPart] ([Id], [DataTypeId], [Name], [Ordinal], [BusinessReferenceId]) VALUES (N'CurrencyCodeValue', N'meta:type:String', N'CurrencyCode', N'1', N'CurrencyCode');
INSERT INTO [dbo].[BusinessReferenceKeyPart] ([Id], [DataTypeId], [Name], [Ordinal], [BusinessReferenceId]) VALUES (N'OrderStatusCode', N'meta:type:String', N'OrderStatusCode', N'1', N'OrderStatus');
INSERT INTO [dbo].[BusinessReferenceKeyPartDataTypeDetail] ([Id], [Name], [Value], [BusinessReferenceKeyPartId]) VALUES (N'CurrencyCodeValueLength', N'Length', N'3', N'CurrencyCodeValue');
INSERT INTO [dbo].[BusinessReferenceKeyPartDataTypeDetail] ([Id], [Name], [Value], [BusinessReferenceKeyPartId]) VALUES (N'OrderStatusCodeLength', N'Length', N'20', N'OrderStatusCode');
INSERT INTO [dbo].[BusinessReferenceSatellite] ([Id], [Description], [Name], [SatelliteKind], [BusinessReferenceId]) VALUES (N'CurrencyCodeDescriptionSet', NULL, N'CurrencyCodeDescriptionSet', N'standard', N'CurrencyCode');
INSERT INTO [dbo].[BusinessReferenceSatellite] ([Id], [Description], [Name], [SatelliteKind], [BusinessReferenceId]) VALUES (N'OrderStatusDescriptionSet', NULL, N'OrderStatusDescriptionSet', N'standard', N'OrderStatus');
INSERT INTO [dbo].[BusinessReferenceSatelliteAttribute] ([Id], [DataTypeId], [Name], [Ordinal], [BusinessReferenceSatelliteId]) VALUES (N'CurrencyCodeDescription', N'meta:type:String', N'Description', N'1', N'CurrencyCodeDescriptionSet');
INSERT INTO [dbo].[BusinessReferenceSatelliteAttribute] ([Id], [DataTypeId], [Name], [Ordinal], [BusinessReferenceSatelliteId]) VALUES (N'OrderStatusDescription', N'meta:type:String', N'Description', N'1', N'OrderStatusDescriptionSet');
INSERT INTO [dbo].[BusinessReferenceSatelliteAttributeDataTypeDetail] ([Id], [Name], [Value], [BusinessReferenceSatelliteAttributeId]) VALUES (N'CurrencyCodeDescriptionLength', N'Length', N'100', N'CurrencyCodeDescription');
INSERT INTO [dbo].[BusinessReferenceSatelliteAttributeDataTypeDetail] ([Id], [Name], [Value], [BusinessReferenceSatelliteAttributeId]) VALUES (N'OrderStatusDescriptionLength', N'Length', N'100', N'OrderStatusDescription');
INSERT INTO [dbo].[BusinessSameAsLink] ([Id], [Description], [Name], [EquivalentHubId], [PrimaryHubId]) VALUES (N'CustomerSameAsCrmCustomer', NULL, N'CustomerSameAsCrmCustomer', N'Customer', N'Customer');
INSERT INTO [dbo].[BusinessSameAsLinkSatellite] ([Id], [Description], [Name], [SatelliteKind], [BusinessSameAsLinkId]) VALUES (N'CustomerSameAsCrmCustomerAudit', NULL, N'CustomerSameAsCrmCustomerAudit', N'standard', N'CustomerSameAsCrmCustomer');
INSERT INTO [dbo].[BusinessSameAsLinkSatelliteAttribute] ([Id], [DataTypeId], [Name], [Ordinal], [BusinessSameAsLinkSatelliteId]) VALUES (N'CustomerSameAsCrmConfidence', N'meta:type:Decimal', N'MatchConfidence', N'1', N'CustomerSameAsCrmCustomerAudit');
INSERT INTO [dbo].[BusinessSameAsLinkSatelliteAttributeDataTypeDetail] ([Id], [Name], [Value], [BusinessSameAsLinkSatelliteAttributeId]) VALUES (N'CustomerSameAsCrmConfidencePrecision', N'Precision', N'5', N'CustomerSameAsCrmConfidence');
INSERT INTO [dbo].[BusinessSameAsLinkSatelliteAttributeDataTypeDetail] ([Id], [Name], [Value], [BusinessSameAsLinkSatelliteAttributeId]) VALUES (N'CustomerSameAsCrmConfidenceScale', N'Scale', N'2', N'CustomerSameAsCrmConfidence');

